Log Name,Log Line,Thread,Duration (ms)
CreateArbitraryLog_2023-11-13_14.10.11.894249.log,37,MainThread,2210.23
CreateArbitraryLog_2023-11-13_14.10.11.894249.log,64,MainThread,1363.65
CreateArbitraryLog_2023-11-13_14.10.11.894249.log,351,MainThread,767.38
CreateArbitraryLog_2023-11-13_14.10.11.894249.log,359,MainThread,2599.56
CreateArbitraryLog_2023-11-13_14.10.11.894249.log,558,MainThread,2229.54
CreateArbitraryLog_2023-11-13_14.10.11.894249.log,1012,MainThread,1945.99
CreateArbitraryLog_2023-11-13_14.10.11.894249.log,1038,MainThread,2528.07
CreateArbitraryLog_2023-11-13_14.10.11.894249.log,1042,MainThread,1183.09
CreateArbitraryLog_2023-11-13_14.10.11.894249.log,1276,MainThread,230.39
CreateArbitraryLog_2023-11-13_14.10.11.894249.log,1477,MainThread,2912.81
CreateArbitraryLog_2023-11-13_14.10.11.894249.log,1537,MainThread,1388.95
CreateArbitraryLog_2023-11-13_14.10.11.894249.log,1746,MainThread,2347.66
CreateArbitraryLog_2023-11-13_14.10.11.894249.log,1882,MainThread,1447.9
CreateArbitraryLog_2023-11-13_14.10.11.894249.log,1944,MainThread,2926.28
CreateArbitraryLog_2023-11-13_14.10.11.894249.log,2013,MainThread,432.76
CreateArbitraryLog_2023-11-13_14.10.11.894249.log,2037,MainThread,2252.8
CreateArbitraryLog_2023-11-13_14.10.11.894249.log,2055,MainThread,114.91
CreateArbitraryLog_2023-11-13_14.10.11.894249.log,2345,MainThread,1474.11
CreateArbitraryLog_2023-11-13_14.10.11.894249.log,2428,MainThread,882.63
CreateArbitraryLog_2023-11-13_14.10.11.894249.log,2685,MainThread,1661.55
CreateArbitraryLog_2023-11-13_14.10.11.894249.log,2792,MainThread,2752.7
CreateArbitraryLog_2023-11-13_14.10.11.894249.log,2900,MainThread,1429.18
CreateArbitraryLog_2023-11-13_14.10.11.894249.log,3012,MainThread,2620.86
CreateArbitraryLog_2023-11-13_14.10.11.894249.log,3127,MainThread,2717.62
CreateArbitraryLog_2023-11-13_14.10.11.894249.log,3446,MainThread,1717.83
CreateArbitraryLog_2023-11-13_14.10.11.894249.log,3511,MainThread,2823.74
CreateArbitraryLog_2023-11-13_14.10.11.894249.log,3549,MainThread,2478.75
CreateArbitraryLog_2023-11-13_14.10.11.894249.log,3561,MainThread,2060.97
CreateArbitraryLog_2023-11-13_14.10.11.894249.log,3628,MainThread,2438.03
CreateArbitraryLog_2023-11-13_14.10.11.894249.log,3770,MainThread,2580.65
CreateArbitraryLog_2023-11-13_14.10.11.894249.log,3803,MainThread,686.29
CreateArbitraryLog_2023-11-13_14.10.11.894249.log,3804,MainThread,591.17
CreateArbitraryLog_2023-11-13_14.10.11.894249.log,4090,MainThread,310.42
CreateArbitraryLog_2023-11-13_14.10.11.894249.log,4172,MainThread,466.27
CreateArbitraryLog_2023-11-13_14.10.11.894249.log,4256,MainThread,1590.99
CreateArbitraryLog_2023-11-13_14.10.11.894249.log,4277,MainThread,2029.53
CreateArbitraryLog_2023-11-13_14.10.11.894249.log,4482,MainThread,1106.53
CreateArbitraryLog_2023-11-13_14.10.11.894249.log,4608,MainThread,1334.02
CreateArbitraryLog_2023-11-13_14.10.11.894249.log,4687,MainThread,2527.41
CreateArbitraryLog_2023-11-13_14.10.11.894249.log,4696,MainThread,581.9
CreateArbitraryLog_2023-11-13_14.10.11.894249.log,4959,MainThread,564.11
CreateArbitraryLog_2023-11-13_14.10.11.894249.log,5076,MainThread,2251.8
CreateArbitraryLog_2023-11-13_14.10.11.894249.log,5091,MainThread,2981.56
CreateArbitraryLog_2023-11-13_14.10.11.894249.log,5118,MainThread,35.58
CreateArbitraryLog_2023-11-13_14.10.11.894249.log,5300,MainThread,1245.65
CreateArbitraryLog_2023-11-13_14.10.11.894249.log,5535,MainThread,901.78
CreateArbitraryLog_2023-11-13_14.10.11.894249.log,5597,MainThread,242.51
CreateArbitraryLog_2023-11-13_14.10.11.894249.log,5673,MainThread,2865.69
CreateArbitraryLog_2023-11-13_14.10.11.894249.log,5678,MainThread,1228.5
CreateArbitraryLog_2023-11-13_14.10.11.894249.log,5819,MainThread,2698.63
CreateArbitraryLog_2023-11-13_14.10.11.894249.log,6222,MainThread,2910.78
CreateArbitraryLog_2023-11-13_14.10.11.894249.log,6658,MainThread,1400.3
CreateArbitraryLog_2023-11-13_14.10.11.894249.log,6993,MainThread,498.28
CreateArbitraryLog_2023-11-13_14.10.11.894249.log,7094,MainThread,1890.78
CreateArbitraryLog_2023-11-13_14.10.11.894249.log,7278,MainThread,2448.36
CreateArbitraryLog_2023-11-13_14.10.11.894249.log,7449,MainThread,450.94
CreateArbitraryLog_2023-11-13_14.10.11.894249.log,7498,MainThread,435.96
CreateArbitraryLog_2023-11-13_14.10.11.894249.log,7952,MainThread,1956.75
CreateArbitraryLog_2023-11-13_14.10.11.894249.log,7984,MainThread,2088.28
CreateArbitraryLog_2023-11-13_14.10.11.894249.log,8067,MainThread,2977.75
CreateArbitraryLog_2023-11-13_14.10.11.894249.log,8096,MainThread,2529.12
CreateArbitraryLog_2023-11-13_14.10.11.894249.log,8120,MainThread,670.83
CreateArbitraryLog_2023-11-13_14.10.11.894249.log,8351,MainThread,840.29
CreateArbitraryLog_2023-11-13_14.10.11.894249.log,8725,MainThread,456.08
CreateArbitraryLog_2023-11-13_14.10.11.894249.log,8762,MainThread,2948.15
CreateArbitraryLog_2023-11-13_14.10.11.894249.log,9179,MainThread,1575.37
CreateArbitraryLog_2023-11-13_14.10.11.894249.log,9242,MainThread,719.63
CreateArbitraryLog_2023-11-13_14.10.11.894249.log,9264,MainThread,2616.1
CreateArbitraryLog_2023-11-13_14.10.11.894249.log,9437,MainThread,2279.7
CreateArbitraryLog_2023-11-13_14.10.11.894249.log,9440,MainThread,1578.16
CreateArbitraryLog_2023-11-13_14.10.11.894249.log,9619,MainThread,2413.11
CreateArbitraryLog_2023-11-13_14.10.11.894249.log,9732,MainThread,2573.24
CreateArbitraryLog_2023-11-13_14.10.11.894249.log,9777,MainThread,1014.27
CreateArbitraryLog_2023-11-13_14.10.11.894249.log,9834,MainThread,190.5
CreateArbitraryLog_2023-11-13_14.10.09.476278.log,198,MainThread,1718.25
CreateArbitraryLog_2023-11-13_14.10.09.476278.log,216,MainThread,2348.88
CreateArbitraryLog_2023-11-13_14.10.09.476278.log,291,MainThread,1947.51
CreateArbitraryLog_2023-11-13_14.10.09.476278.log,348,MainThread,1595.1
CreateArbitraryLog_2023-11-13_14.10.09.476278.log,485,MainThread,1971.45
CreateArbitraryLog_2023-11-13_14.10.09.476278.log,572,MainThread,378.82
CreateArbitraryLog_2023-11-13_14.10.09.476278.log,756,MainThread,2388.77
CreateArbitraryLog_2023-11-13_14.10.09.476278.log,784,MainThread,2196.75
CreateArbitraryLog_2023-11-13_14.10.09.476278.log,1158,MainThread,2533.01
CreateArbitraryLog_2023-11-13_14.10.09.476278.log,1387,MainThread,2474.17
CreateArbitraryLog_2023-11-13_14.10.09.476278.log,1409,MainThread,660.53
CreateArbitraryLog_2023-11-13_14.10.09.476278.log,1448,MainThread,2542.43
CreateArbitraryLog_2023-11-13_14.10.09.476278.log,1589,MainThread,477.48
CreateArbitraryLog_2023-11-13_14.10.09.476278.log,1599,MainThread,165.96
CreateArbitraryLog_2023-11-13_14.10.09.476278.log,1908,MainThread,1502.87
CreateArbitraryLog_2023-11-13_14.10.09.476278.log,1961,MainThread,1340.22
CreateArbitraryLog_2023-11-13_14.10.09.476278.log,2012,MainThread,460.73
CreateArbitraryLog_2023-11-13_14.10.09.476278.log,2151,MainThread,911.51
CreateArbitraryLog_2023-11-13_14.10.09.476278.log,2231,MainThread,632.97
CreateArbitraryLog_2023-11-13_14.10.09.476278.log,2490,MainThread,1176.28
CreateArbitraryLog_2023-11-13_14.10.09.476278.log,2531,MainThread,1705.91
CreateArbitraryLog_2023-11-13_14.10.09.476278.log,2554,MainThread,1810.66
CreateArbitraryLog_2023-11-13_14.10.09.476278.log,2573,MainThread,2612.26
CreateArbitraryLog_2023-11-13_14.10.09.476278.log,2727,MainThread,2720.99
CreateArbitraryLog_2023-11-13_14.10.09.476278.log,2766,MainThread,1203.44
CreateArbitraryLog_2023-11-13_14.10.09.476278.log,2817,MainThread,1923.56
CreateArbitraryLog_2023-11-13_14.10.09.476278.log,2892,MainThread,210.67
CreateArbitraryLog_2023-11-13_14.10.09.476278.log,3070,MainThread,2019.5
CreateArbitraryLog_2023-11-13_14.10.09.476278.log,3182,MainThread,563.14
CreateArbitraryLog_2023-11-13_14.10.09.476278.log,3183,MainThread,411.69
CreateArbitraryLog_2023-11-13_14.10.09.476278.log,3215,MainThread,980.16
CreateArbitraryLog_2023-11-13_14.10.09.476278.log,3359,MainThread,1812.56
CreateArbitraryLog_2023-11-13_14.10.09.476278.log,3455,MainThread,359.79
CreateArbitraryLog_2023-11-13_14.10.09.476278.log,3460,MainThread,1182.39
CreateArbitraryLog_2023-11-13_14.10.09.476278.log,3549,MainThread,2928.04
CreateArbitraryLog_2023-11-13_14.10.09.476278.log,3579,MainThread,637.18
CreateArbitraryLog_2023-11-13_14.10.09.476278.log,3633,MainThread,2182.67
CreateArbitraryLog_2023-11-13_14.10.09.476278.log,3766,MainThread,310.81
CreateArbitraryLog_2023-11-13_14.10.09.476278.log,3793,MainThread,920.81
CreateArbitraryLog_2023-11-13_14.10.09.476278.log,3885,MainThread,1654.05
CreateArbitraryLog_2023-11-13_14.10.09.476278.log,3954,MainThread,526.54
CreateArbitraryLog_2023-11-13_14.10.09.476278.log,4212,MainThread,1591.85
CreateArbitraryLog_2023-11-13_14.10.09.476278.log,4517,MainThread,388.96
CreateArbitraryLog_2023-11-13_14.10.09.476278.log,4525,MainThread,2388.24
CreateArbitraryLog_2023-11-13_14.10.09.476278.log,4763,MainThread,752.9
CreateArbitraryLog_2023-11-13_14.10.09.476278.log,4796,MainThread,2055.71
CreateArbitraryLog_2023-11-13_14.10.09.476278.log,4985,MainThread,420.8
CreateArbitraryLog_2023-11-13_14.10.09.476278.log,4986,MainThread,336.96
CreateArbitraryLog_2023-11-13_14.10.09.476278.log,5115,MainThread,535.05
CreateArbitraryLog_2023-11-13_14.10.09.476278.log,5288,MainThread,1092.24
CreateArbitraryLog_2023-11-13_14.10.09.476278.log,5343,MainThread,1933.09
CreateArbitraryLog_2023-11-13_14.10.09.476278.log,5425,MainThread,2212.24
CreateArbitraryLog_2023-11-13_14.10.09.476278.log,5689,MainThread,850.94
CreateArbitraryLog_2023-11-13_14.10.09.476278.log,5917,MainThread,622.33
CreateArbitraryLog_2023-11-13_14.10.09.476278.log,5981,MainThread,1898.79
CreateArbitraryLog_2023-11-13_14.10.09.476278.log,6154,MainThread,2784.1
CreateArbitraryLog_2023-11-13_14.10.09.476278.log,6225,MainThread,1241.76
CreateArbitraryLog_2023-11-13_14.10.09.476278.log,6439,MainThread,617.36
CreateArbitraryLog_2023-11-13_14.10.09.476278.log,6633,MainThread,2008.13
CreateArbitraryLog_2023-11-13_14.10.09.476278.log,6658,MainThread,1057.99
CreateArbitraryLog_2023-11-13_14.10.09.476278.log,6744,MainThread,2630.1
CreateArbitraryLog_2023-11-13_14.10.09.476278.log,7191,MainThread,831.92
CreateArbitraryLog_2023-11-13_14.10.09.476278.log,7204,MainThread,1686.8
CreateArbitraryLog_2023-11-13_14.10.09.476278.log,7235,MainThread,894.6
CreateArbitraryLog_2023-11-13_14.10.09.476278.log,7272,MainThread,2225.01
CreateArbitraryLog_2023-11-13_14.10.09.476278.log,7276,MainThread,174.64
CreateArbitraryLog_2023-11-13_14.10.09.476278.log,7309,MainThread,1179.31
CreateArbitraryLog_2023-11-13_14.10.09.476278.log,7328,MainThread,1607.04
CreateArbitraryLog_2023-11-13_14.10.09.476278.log,7410,MainThread,1431.8
CreateArbitraryLog_2023-11-13_14.10.09.476278.log,7652,MainThread,378.05
CreateArbitraryLog_2023-11-13_14.10.09.476278.log,7686,MainThread,916.88
CreateArbitraryLog_2023-11-13_14.10.09.476278.log,7885,MainThread,127.46
CreateArbitraryLog_2023-11-13_14.10.09.476278.log,8018,MainThread,2008.61
CreateArbitraryLog_2023-11-13_14.10.09.476278.log,8118,MainThread,662.49
CreateArbitraryLog_2023-11-13_14.10.09.476278.log,8217,MainThread,2215.41
CreateArbitraryLog_2023-11-13_14.10.09.476278.log,8240,MainThread,972.28
CreateArbitraryLog_2023-11-13_14.10.09.476278.log,8314,MainThread,1782.75
CreateArbitraryLog_2023-11-13_14.10.09.476278.log,8363,MainThread,1088.56
CreateArbitraryLog_2023-11-13_14.10.09.476278.log,8462,MainThread,569.56
CreateArbitraryLog_2023-11-13_14.10.09.476278.log,8830,MainThread,1234.73
CreateArbitraryLog_2023-11-13_14.10.09.476278.log,8919,MainThread,2203.07
CreateArbitraryLog_2023-11-13_14.10.09.476278.log,9011,MainThread,1628.81
CreateArbitraryLog_2023-11-13_14.10.09.476278.log,9158,MainThread,2460.71
CreateArbitraryLog_2023-11-13_14.10.09.476278.log,9198,MainThread,437.12
CreateArbitraryLog_2023-11-13_14.10.09.476278.log,9388,MainThread,1552.59
CreateArbitraryLog_2023-11-13_14.10.09.476278.log,9420,MainThread,2428.43
CreateArbitraryLog_2023-11-13_14.10.09.476278.log,9527,MainThread,1985.25
CreateArbitraryLog_2023-11-13_14.10.09.476278.log,9585,MainThread,459.27
CreateArbitraryLog_2023-11-13_14.10.09.476278.log,9668,MainThread,1690.93
CreateArbitraryLog_2023-11-13_14.10.09.476278.log,9787,MainThread,885.75
CreateArbitraryLog_2023-11-13_14.10.09.476278.log,9956,MainThread,1057.78
CreateArbitraryLog_2023-11-13_14.10.09.476278.log,10110,MainThread,2281.48
CreateArbitraryLog_2023-11-13_14.10.07.338646.log,37,MainThread,2246.65
CreateArbitraryLog_2023-11-13_14.10.07.338646.log,76,MainThread,1633.37
CreateArbitraryLog_2023-11-13_14.10.07.338646.log,102,MainThread,2828.62
CreateArbitraryLog_2023-11-13_14.10.07.338646.log,106,MainThread,767.75
CreateArbitraryLog_2023-11-13_14.10.07.338646.log,150,MainThread,242.45
CreateArbitraryLog_2023-11-13_14.10.07.338646.log,404,MainThread,830.01
CreateArbitraryLog_2023-11-13_14.10.07.338646.log,421,MainThread,1961.06
CreateArbitraryLog_2023-11-13_14.10.07.338646.log,901,MainThread,33.44
CreateArbitraryLog_2023-11-13_14.10.07.338646.log,914,MainThread,2991.84
CreateArbitraryLog_2023-11-13_14.10.07.338646.log,915,MainThread,2509.33
CreateArbitraryLog_2023-11-13_14.10.07.338646.log,1018,MainThread,2838.43
CreateArbitraryLog_2023-11-13_14.10.07.338646.log,1174,MainThread,1057.97
CreateArbitraryLog_2023-11-13_14.10.07.338646.log,1257,MainThread,1325.93
CreateArbitraryLog_2023-11-13_14.10.07.338646.log,1526,MainThread,1898.74
CreateArbitraryLog_2023-11-13_14.10.07.338646.log,1553,MainThread,2878.32
CreateArbitraryLog_2023-11-13_14.10.07.338646.log,1554,MainThread,1495.92
CreateArbitraryLog_2023-11-13_14.10.07.338646.log,1954,MainThread,2814.6
CreateArbitraryLog_2023-11-13_14.10.07.338646.log,1956,MainThread,305.78
CreateArbitraryLog_2023-11-13_14.10.07.338646.log,2019,MainThread,1332.3
CreateArbitraryLog_2023-11-13_14.10.07.338646.log,2179,MainThread,335.25
CreateArbitraryLog_2023-11-13_14.10.07.338646.log,2296,MainThread,1852.78
CreateArbitraryLog_2023-11-13_14.10.07.338646.log,2315,MainThread,220.34
CreateArbitraryLog_2023-11-13_14.10.07.338646.log,2426,MainThread,2827.46
CreateArbitraryLog_2023-11-13_14.10.07.338646.log,2568,MainThread,1060.37
CreateArbitraryLog_2023-11-13_14.10.07.338646.log,2588,MainThread,1220.78
CreateArbitraryLog_2023-11-13_14.10.07.338646.log,2615,MainThread,1664.31
CreateArbitraryLog_2023-11-13_14.10.07.338646.log,2654,MainThread,995.06
CreateArbitraryLog_2023-11-13_14.10.07.338646.log,2819,MainThread,2713.28
CreateArbitraryLog_2023-11-13_14.10.07.338646.log,2888,MainThread,695.49
CreateArbitraryLog_2023-11-13_14.10.07.338646.log,3019,MainThread,1837.68
CreateArbitraryLog_2023-11-13_14.10.07.338646.log,3079,MainThread,2875.82
CreateArbitraryLog_2023-11-13_14.10.07.338646.log,3211,MainThread,1431.9
CreateArbitraryLog_2023-11-13_14.10.07.338646.log,3303,MainThread,2753.94
CreateArbitraryLog_2023-11-13_14.10.07.338646.log,3345,MainThread,555.46
CreateArbitraryLog_2023-11-13_14.10.07.338646.log,3372,MainThread,1915.1
CreateArbitraryLog_2023-11-13_14.10.07.338646.log,3388,MainThread,857.88
CreateArbitraryLog_2023-11-13_14.10.07.338646.log,3521,MainThread,1144.55
CreateArbitraryLog_2023-11-13_14.10.07.338646.log,3545,MainThread,94.15
CreateArbitraryLog_2023-11-13_14.10.07.338646.log,3831,MainThread,855.27
CreateArbitraryLog_2023-11-13_14.10.07.338646.log,4122,MainThread,2145.47
CreateArbitraryLog_2023-11-13_14.10.07.338646.log,4241,MainThread,1691.18
CreateArbitraryLog_2023-11-13_14.10.07.338646.log,4525,MainThread,963.55
CreateArbitraryLog_2023-11-13_14.10.07.338646.log,4553,MainThread,960.4
CreateArbitraryLog_2023-11-13_14.10.07.338646.log,4556,MainThread,771.92
CreateArbitraryLog_2023-11-13_14.10.07.338646.log,4603,MainThread,1186.46
CreateArbitraryLog_2023-11-13_14.10.07.338646.log,4821,MainThread,161.68
CreateArbitraryLog_2023-11-13_14.10.07.338646.log,4883,MainThread,2857.05
CreateArbitraryLog_2023-11-13_14.10.07.338646.log,4940,MainThread,1596.93
CreateArbitraryLog_2023-11-13_14.10.07.338646.log,4995,MainThread,2388.09
CreateArbitraryLog_2023-11-13_14.10.07.338646.log,5086,MainThread,2806.05
CreateArbitraryLog_2023-11-13_14.10.07.338646.log,5233,MainThread,1944.54
CreateArbitraryLog_2023-11-13_14.10.07.338646.log,5329,MainThread,476.8
CreateArbitraryLog_2023-11-13_14.10.07.338646.log,5372,MainThread,946.4
CreateArbitraryLog_2023-11-13_14.10.07.338646.log,5566,MainThread,2462.14
CreateArbitraryLog_2023-11-13_14.10.07.338646.log,5623,MainThread,2778.16
CreateArbitraryLog_2023-11-13_14.10.07.338646.log,5625,MainThread,480.22
CreateArbitraryLog_2023-11-13_14.10.07.338646.log,5626,MainThread,2472.08
CreateArbitraryLog_2023-11-13_14.10.07.338646.log,5690,MainThread,2090.49
CreateArbitraryLog_2023-11-13_14.10.07.338646.log,5804,MainThread,1579.83
CreateArbitraryLog_2023-11-13_14.10.07.338646.log,5822,MainThread,1610.06
CreateArbitraryLog_2023-11-13_14.10.07.338646.log,5878,MainThread,1353.07
CreateArbitraryLog_2023-11-13_14.10.07.338646.log,5930,MainThread,1571.64
CreateArbitraryLog_2023-11-13_14.10.07.338646.log,5972,MainThread,2029.49
CreateArbitraryLog_2023-11-13_14.10.07.338646.log,6019,MainThread,2338.61
CreateArbitraryLog_2023-11-13_14.10.07.338646.log,6210,MainThread,940.29
CreateArbitraryLog_2023-11-13_14.10.07.338646.log,6427,MainThread,2522.95
CreateArbitraryLog_2023-11-13_14.10.07.338646.log,6472,MainThread,1502.96
CreateArbitraryLog_2023-11-13_14.10.07.338646.log,6485,MainThread,1756.62
CreateArbitraryLog_2023-11-13_14.10.07.338646.log,6526,MainThread,1822.72
CreateArbitraryLog_2023-11-13_14.10.07.338646.log,6623,MainThread,2016.91
CreateArbitraryLog_2023-11-13_14.10.07.338646.log,6682,MainThread,285.53
CreateArbitraryLog_2023-11-13_14.10.07.338646.log,6754,MainThread,954.6
CreateArbitraryLog_2023-11-13_14.10.07.338646.log,6850,MainThread,2780.04
CreateArbitraryLog_2023-11-13_14.10.07.338646.log,7351,MainThread,1515.02
CreateArbitraryLog_2023-11-13_14.10.07.338646.log,7440,MainThread,2014.68
CreateArbitraryLog_2023-11-13_14.10.07.338646.log,7627,MainThread,2107.44
CreateArbitraryLog_2023-11-13_14.10.07.338646.log,7768,MainThread,2714.34
CreateArbitraryLog_2023-11-13_14.10.07.338646.log,7905,MainThread,768.43
CreateArbitraryLog_2023-11-13_14.10.07.338646.log,7907,MainThread,1265.97
CreateArbitraryLog_2023-11-13_14.10.07.338646.log,7915,MainThread,407.02
CreateArbitraryLog_2023-11-13_14.10.07.338646.log,8061,MainThread,713.63
CreateArbitraryLog_2023-11-13_14.10.07.338646.log,8080,MainThread,595.89
CreateArbitraryLog_2023-11-13_14.10.07.338646.log,8125,MainThread,618.93
CreateArbitraryLog_2023-11-13_14.10.07.338646.log,8356,MainThread,1819.34
CreateArbitraryLog_2023-11-13_14.10.07.338646.log,8360,MainThread,2773.89
CreateArbitraryLog_2023-11-13_14.10.07.338646.log,8387,MainThread,2861.38
CreateArbitraryLog_2023-11-13_14.10.07.338646.log,8570,MainThread,580.15
CreateArbitraryLog_2023-11-13_14.10.07.338646.log,8684,MainThread,339.18
CreateArbitraryLog_2023-11-13_14.10.07.338646.log,8725,MainThread,2015.04
CreateArbitraryLog_2023-11-13_14.10.07.338646.log,9042,MainThread,1577.63
CreateArbitraryLog_2023-11-13_14.10.07.338646.log,9220,MainThread,2680.71
CreateArbitraryLog_2023-11-13_14.10.07.338646.log,9238,MainThread,1600.97
CreateArbitraryLog_2023-11-13_14.10.07.338646.log,9244,MainThread,603.43
CreateArbitraryLog_2023-11-13_14.10.07.338646.log,9264,MainThread,794.21
CreateArbitraryLog_2023-11-13_14.10.07.338646.log,9279,MainThread,2432.46
CreateArbitraryLog_2023-11-13_14.10.07.338646.log,9308,MainThread,750.84
CreateArbitraryLog_2023-11-13_14.10.07.338646.log,9762,MainThread,394.57
CreateArbitraryLog_2023-11-13_14.10.07.338646.log,9848,MainThread,1645.55
CreateArbitraryLog_2023-11-13_14.10.07.338646.log,9857,MainThread,890.17
